{
  "metrics": [
    {
      "run": null,
      "time_to_target_val": {
        "0.93": 15.053908233642579,
        "0.935": null,
        "0.94": null
      },
      "time_to_target_tta": {
        "0.93": 15.265913131713868,
        "0.935": 15.265913131713868,
        "0.94": 15.265913131713868
      },
      "final": {
        "val_acc": 0.9320999979972839,
        "tta_val_acc": 0.9405999779701233,
        "total_time_seconds": 15.265913131713868
      },
      "config": {
        "LOG_TTA_EVERY_EPOCH": false,
        "TTT_THRESHOLDS_VAL": [
          0.93,
          0.935,
          0.94
        ],
        "TTT_THRESHOLDS_TTA": [
          0.93,
          0.935,
          0.94
        ]
      }
    },
    {
      "run": null,
      "time_to_target_val": {
        "0.93": 5.016444530963898,
        "0.935": null,
        "0.94": null
      },
      "time_to_target_tta": {
        "0.93": 5.227991482257843,
        "0.935": 5.227991482257843,
        "0.94": 5.227991482257843
      },
      "final": {
        "val_acc": 0.9314999580383301,
        "tta_val_acc": 0.9404999613761902,
        "total_time_seconds": 5.227991482257843
      },
      "config": {
        "LOG_TTA_EVERY_EPOCH": false,
        "TTT_THRESHOLDS_VAL": [
          0.93,
          0.935,
          0.94
        ],
        "TTT_THRESHOLDS_TTA": [
          0.93,
          0.935,
          0.94
        ]
      }
    },
    {
      "run": null,
      "time_to_target_val": {
        "0.93": 5.020553023576737,
        "0.935": null,
        "0.94": null
      },
      "time_to_target_tta": {
        "0.93": 5.232640670061111,
        "0.935": 5.232640670061111,
        "0.94": 5.232640670061111
      },
      "final": {
        "val_acc": 0.9343000054359436,
        "tta_val_acc": 0.9414999485015869,
        "total_time_seconds": 5.232640670061111
      },
      "config": {
        "LOG_TTA_EVERY_EPOCH": false,
        "TTT_THRESHOLDS_VAL": [
          0.93,
          0.935,
          0.94
        ],
        "TTT_THRESHOLDS_TTA": [
          0.93,
          0.935,
          0.94
        ]
      }
    },
    {
      "run": null,
      "time_to_target_val": {
        "0.93": 5.10421715927124,
        "0.935": null,
        "0.94": null
      },
      "time_to_target_tta": {
        "0.93": 5.316456584930419,
        "0.935": 5.316456584930419,
        "0.94": null
      },
      "final": {
        "val_acc": 0.9332000017166138,
        "tta_val_acc": 0.9389999508857727,
        "total_time_seconds": 5.316456584930419
      },
      "config": {
        "LOG_TTA_EVERY_EPOCH": false,
        "TTT_THRESHOLDS_VAL": [
          0.93,
          0.935,
          0.94
        ],
        "TTT_THRESHOLDS_TTA": [
          0.93,
          0.935,
          0.94
        ]
      }
    },
    {
      "run": null,
      "time_to_target_val": {
        "0.93": 5.024417620658874,
        "0.935": null,
        "0.94": null
      },
      "time_to_target_tta": {
        "0.93": 5.236500506401062,
        "0.935": 5.236500506401062,
        "0.94": 5.236500506401062
      },
      "final": {
        "val_acc": 0.9322999715805054,
        "tta_val_acc": 0.9413999915122986,
        "total_time_seconds": 5.236500506401062
      },
      "config": {
        "LOG_TTA_EVERY_EPOCH": false,
        "TTT_THRESHOLDS_VAL": [
          0.93,
          0.935,
          0.94
        ],
        "TTT_THRESHOLDS_TTA": [
          0.93,
          0.935,
          0.94
        ]
      }
    },
    {
      "run": null,
      "time_to_target_val": {
        "0.93": 5.107866542577743,
        "0.935": 5.107866542577743,
        "0.94": null
      },
      "time_to_target_tta": {
        "0.93": 5.319642513036728,
        "0.935": 5.319642513036728,
        "0.94": 5.319642513036728
      },
      "final": {
        "val_acc": 0.9350999593734741,
        "tta_val_acc": 0.9408999681472778,
        "total_time_seconds": 5.319642513036728
      },
      "config": {
        "LOG_TTA_EVERY_EPOCH": false,
        "TTT_THRESHOLDS_VAL": [
          0.93,
          0.935,
          0.94
        ],
        "TTT_THRESHOLDS_TTA": [
          0.93,
          0.935,
          0.94
        ]
      }
    },
    {
      "run": null,
      "time_to_target_val": {
        "0.93": 5.103590231418609,
        "0.935": null,
        "0.94": null
      },
      "time_to_target_tta": {
        "0.93": 5.315819036960601,
        "0.935": 5.315819036960601,
        "0.94": 5.315819036960601
      },
      "final": {
        "val_acc": 0.9345999956130981,
        "tta_val_acc": 0.9411999583244324,
        "total_time_seconds": 5.315819036960601
      },
      "config": {
        "LOG_TTA_EVERY_EPOCH": false,
        "TTT_THRESHOLDS_VAL": [
          0.93,
          0.935,
          0.94
        ],
        "TTT_THRESHOLDS_TTA": [
          0.93,
          0.935,
          0.94
        ]
      }
    },
    {
      "run": null,
      "time_to_target_val": {
        "0.93": 5.021055665254592,
        "0.935": null,
        "0.94": null
      },
      "time_to_target_tta": {
        "0.93": 5.23298164486885,
        "0.935": 5.23298164486885,
        "0.94": 5.23298164486885
      },
      "final": {
        "val_acc": 0.9335999488830566,
        "tta_val_acc": 0.9418999552726746,
        "total_time_seconds": 5.23298164486885
      },
      "config": {
        "LOG_TTA_EVERY_EPOCH": false,
        "TTT_THRESHOLDS_VAL": [
          0.93,
          0.935,
          0.94
        ],
        "TTT_THRESHOLDS_TTA": [
          0.93,
          0.935,
          0.94
        ]
      }
    },
    {
      "run": null,
      "time_to_target_val": {
        "0.93": 5.0234136865139005,
        "0.935": null,
        "0.94": null
      },
      "time_to_target_tta": {
        "0.93": 5.235212636709213,
        "0.935": 5.235212636709213,
        "0.94": null
      },
      "final": {
        "val_acc": 0.9332000017166138,
        "tta_val_acc": 0.9381999969482422,
        "total_time_seconds": 5.235212636709213
      },
      "config": {
        "LOG_TTA_EVERY_EPOCH": false,
        "TTT_THRESHOLDS_VAL": [
          0.93,
          0.935,
          0.94
        ],
        "TTT_THRESHOLDS_TTA": [
          0.93,
          0.935,
          0.94
        ]
      }
    },
    {
      "run": null,
      "time_to_target_val": {
        "0.93": 5.026659706354142,
        "0.935": null,
        "0.94": null
      },
      "time_to_target_tta": {
        "0.93": 5.2387517015934,
        "0.935": 5.2387517015934,
        "0.94": null
      },
      "final": {
        "val_acc": 0.9346999526023865,
        "tta_val_acc": 0.9399999976158142,
        "total_time_seconds": 5.2387517015934
      },
      "config": {
        "LOG_TTA_EVERY_EPOCH": false,
        "TTT_THRESHOLDS_VAL": [
          0.93,
          0.935,
          0.94
        ],
        "TTT_THRESHOLDS_TTA": [
          0.93,
          0.935,
          0.94
        ]
      }
    },
    {
      "run": null,
      "time_to_target_val": {
        "0.93": 5.0226935241222375,
        "0.935": null,
        "0.94": null
      },
      "time_to_target_tta": {
        "0.93": 5.234633999586105,
        "0.935": 5.234633999586105,
        "0.94": null
      },
      "final": {
        "val_acc": 0.9333999752998352,
        "tta_val_acc": 0.9393999576568604,
        "total_time_seconds": 5.234633999586105
      },
      "config": {
        "LOG_TTA_EVERY_EPOCH": false,
        "TTT_THRESHOLDS_VAL": [
          0.93,
          0.935,
          0.94
        ],
        "TTT_THRESHOLDS_TTA": [
          0.93,
          0.935,
          0.94
        ]
      }
    },
    {
      "run": null,
      "time_to_target_val": {
        "0.93": 5.027180400848388,
        "0.935": null,
        "0.94": null
      },
      "time_to_target_tta": {
        "0.93": 5.23888984298706,
        "0.935": 5.23888984298706,
        "0.94": 5.23888984298706
      },
      "final": {
        "val_acc": 0.9320999979972839,