{
  "metrics": [
    {
      "run": null,
      "time_to_target_val": {
        "0.93": 12.466342651367187,
        "0.935": null,
        "0.94": null
      },
      "time_to_target_tta": {
        "0.93": 12.616541076660155,
        "0.935": 12.616541076660155,
        "0.94": 12.616541076660155
      },
      "final": {
        "val_acc": 0.9341999888420105,
        "tta_val_acc": 0.9404000043869019,
        "total_time_seconds": 12.616541076660155
      },
      "config": {
        "LOG_TTA_EVERY_EPOCH": false,
        "TTT_THRESHOLDS_VAL": [
          0.93,
          0.935,
          0.94
        ],
        "TTT_THRESHOLDS_TTA": [
          0.93,
          0.935,
          0.94
        ]
      }
    },
    {
      "run": null,
      "time_to_target_val": {
        "0.93": 3.580664173126221,
        "0.935": null,
        "0.94": null
      },
      "time_to_target_tta": {
        "0.93": 3.7309077186584476,
        "0.935": 3.7309077186584476,
        "0.94": null
      },
      "final": {
        "val_acc": 0.9343000054359436,
        "tta_val_acc": 0.9389999508857727,
        "total_time_seconds": 3.7309077186584476
      },
      "config": {
        "LOG_TTA_EVERY_EPOCH": false,
        "TTT_THRESHOLDS_VAL": [
          0.93,
          0.935,
          0.94
        ],
        "TTT_THRESHOLDS_TTA": [
          0.93,
          0.935,
          0.94
        ]
      }
    },
    {
      "run": null,
      "time_to_target_val": {
        "0.93": 3.5712451400756833,
        "0.935": null,
        "0.94": null
      },
      "time_to_target_tta": {
        "0.93": 3.722018516540527,
        "0.935": 3.722018516540527,
        "0.94": 3.722018516540527
      },
      "final": {
        "val_acc": 0.9320999979972839,
        "tta_val_acc": 0.9409999847412109,
        "total_time_seconds": 3.722018516540527
      },
      "config": {
        "LOG_TTA_EVERY_EPOCH": false,
        "TTT_THRESHOLDS_VAL": [
          0.93,
          0.935,
          0.94
        ],
        "TTT_THRESHOLDS_TTA": [
          0.93,
          0.935,
          0.94
        ]
      }
    },
    {
      "run": null,
      "time_to_target_val": {
        "0.93": 3.594416833400727,
        "0.935": null,
        "0.94": null
      },
      "time_to_target_tta": {
        "0.93": 3.7457400298118597,
        "0.935": 3.7457400298118597,
        "0.94": null
      },
      "final": {
        "val_acc": 0.933899998664856,
        "tta_val_acc": 0.9394999742507935,
        "total_time_seconds": 3.7457400298118597
      },
      "config": {
        "LOG_TTA_EVERY_EPOCH": false,
        "TTT_THRESHOLDS_VAL": [
          0.93,
          0.935,
          0.94
        ],
        "TTT_THRESHOLDS_TTA": [
          0.93,
          0.935,
          0.94
        ]
      }
    },
    {
      "run": null,
      "time_to_target_val": {
        "0.93": 3.6595613861083987,
        "0.935": null,
        "0.94": null
      },
      "time_to_target_tta": {
        "0.93": 3.8105538330078126,
        "0.935": 3.8105538330078126,
        "0.94": 3.8105538330078126
      },
      "final": {
        "val_acc": 0.9343000054359436,
        "tta_val_acc": 0.9414999485015869,
        "total_time_seconds": 3.8105538330078126
      },
      "config": {
        "LOG_TTA_EVERY_EPOCH": false,
        "TTT_THRESHOLDS_VAL": [
          0.93,
          0.935,
          0.94
        ],
        "TTT_THRESHOLDS_TTA": [
          0.93,
          0.935,
          0.94
        ]
      }
    },
    {
      "run": null,
      "time_to_target_val": {
        "0.93": 3.6438896396160128,
        "0.935": null,
        "0.94": null
      },
      "time_to_target_tta": {
        "0.93": 3.7948879153728488,
        "0.935": 3.7948879153728488,
        "0.94": null
      },
      "final": {
        "val_acc": 0.9301999807357788,
        "tta_val_acc": 0.9398999810218811,
        "total_time_seconds": 3.7948879153728488
      },
      "config": {
        "LOG_TTA_EVERY_EPOCH": false,
        "TTT_THRESHOLDS_VAL": [
          0.93,
          0.935,
          0.94
        ],
        "TTT_THRESHOLDS_TTA": [
          0.93,
          0.935,
          0.94
        ]
      }
    },
    {
      "run": null,
      "time_to_target_val": {
        "0.93": 3.5728350462913516,
        "0.935": 3.5728350462913516,
        "0.94": null
      },
      "time_to_target_tta": {
        "0.93": 3.7237351775169376,
        "0.935": 3.7237351775169376,
        "0.94": 3.7237351775169376
      },
      "final": {
        "val_acc": 0.9350999593734741,
        "tta_val_acc": 0.9417999982833862,
        "total_time_seconds": 3.7237351775169376
      },
      "config": {
        "LOG_TTA_EVERY_EPOCH": false,
        "TTT_THRESHOLDS_VAL": [
          0.93,
          0.935,
          0.94
        ],
        "TTT_THRESHOLDS_TTA": [
          0.93,
          0.935,
          0.94
        ]
      }
    },
    {
      "run": null,
      "time_to_target_val": {
        "0.93": 3.6360946521759034,
        "0.935": null,
        "0.94": null
      },
      "time_to_target_tta": {
        "0.93": 3.787141405105591,
        "0.935": 3.787141405105591,
        "0.94": null
      },
      "final": {
        "val_acc": 0.9339999556541443,
        "tta_val_acc": 0.9394999742507935,
        "total_time_seconds": 3.787141405105591
      },
      "config": {
        "LOG_TTA_EVERY_EPOCH": false,
        "TTT_THRESHOLDS_VAL": [
          0.93,
          0.935,
          0.94
        ],
        "TTT_THRESHOLDS_TTA": [
          0.93,
          0.935,
          0.94
        ]
      }
    },
    {
      "run": null,
      "time_to_target_val": {
        "0.93": 3.572738579750061,
        "0.935": null,
        "0.94": null
      },
      "time_to_target_tta": {
        "0.93": 3.7239064264297483,
        "0.935": 3.7239064264297483,
        "0.94": null
      },
      "final": {
        "val_acc": 0.9337999820709229,
        "tta_val_acc": 0.9387999773025513,
        "total_time_seconds": 3.7239064264297483
      },
      "config": {
        "LOG_TTA_EVERY_EPOCH": false,
        "TTT_THRESHOLDS_VAL": [
          0.93,
          0.935,
          0.94
        ],
        "TTT_THRESHOLDS_TTA": [
          0.93,
          0.935,
          0.94
        ]
      }
    },
    {
      "run": null,
      "time_to_target_val": {
        "0.93": 3.647771315574646,
        "0.935": null,
        "0.94": null
      },
      "time_to_target_tta": {
        "0.93": 3.799764143943787,
        "0.935": 3.799764143943787,
        "0.94": 3.799764143943787
      },
      "final": {
        "val_acc": 0.9332000017166138,
        "tta_val_acc": 0.9408999681472778,
        "total_time_seconds": 3.799764143943787
      },
      "config": {
        "LOG_TTA_EVERY_EPOCH": false,
        "TTT_THRESHOLDS_VAL": [
          0.93,
          0.935,
          0.94
        ],
        "TTT_THRESHOLDS_TTA": [
          0.93,
          0.935,
          0.94
        ]
      }
    },
    {
      "run": null,
      "time_to_target_val": {
        "0.93": 3.649525886535644,
        "0.935": null,
        "0.94": null
      },
      "time_to_target_tta": {
        "0.93": 3.80117699432373,
        "0.935": 3.80117699432373,
        "0.94": 3.80117699432373
      },
      "final": {
        "val_acc": 0.9337999820709229,
        "tta_val_acc": 0.9426999688148499,
        "total_time_seconds": 3.80117699432373
      },
      "config": {
        "LOG_TTA_EVERY_EPOCH": false,
        "TTT_THRESHOLDS_VAL": [
          0.93,
          0.935,
          0.94
        ],
        "TTT_THRESHOLDS_TTA": [
          0.93,
          0.935,
          0.94
        ]
      }
    },
    {
      "run": null,
      "time_to_target_val": {
        "0.93": 3.575737122297287,
        "0.935": null,
        "0.94": null
      },
      "time_to_target_tta": {
        "0.93": 3.7271712653636935,
        "0.935": 3.7271712653636935,
        "0.94": 3.7271712653636935
      },
      "final": {
        "val_acc": 0.9330999851226807,