{
  "metrics": [
    {
      "run": null,
      "time_to_target_val": {
        "0.93": 16.623128967285155,
        "0.935": null,
        "0.94": null
      },
      "time_to_target_tta": {
        "0.93": 16.862841003417966,
        "0.935": 16.862841003417966,
        "0.94": 16.862841003417966
      },
      "final": {
        "val_acc": 0.9335999488830566,
        "tta_val_acc": 0.9407999515533447,
        "total_time_seconds": 16.862841003417966
      },
      "config": {
        "LOG_TTA_EVERY_EPOCH": false,
        "TTT_THRESHOLDS_VAL": [
          0.93,
          0.935,
          0.94
        ],
        "TTT_THRESHOLDS_TTA": [
          0.93,
          0.935,
          0.94
        ]
      }
    },
    {
      "run": null,
      "time_to_target_val": {
        "0.93": 6.451420870304108,
        "0.935": 6.451420870304108,
        "0.94": null
      },
      "time_to_target_tta": {
        "0.93": 6.6907349572181705,
        "0.935": 6.6907349572181705,
        "0.94": 6.6907349572181705
      },
      "final": {
        "val_acc": 0.9359999895095825,
        "tta_val_acc": 0.9406999945640564,
        "total_time_seconds": 6.6907349572181705
      },
      "config": {
        "LOG_TTA_EVERY_EPOCH": false,
        "TTT_THRESHOLDS_VAL": [
          0.93,
          0.935,
          0.94
        ],
        "TTT_THRESHOLDS_TTA": [
          0.93,
          0.935,
          0.94
        ]
      }
    },
    {
      "run": null,
      "time_to_target_val": {
        "0.93": 6.452018501758576,
        "0.935": null,
        "0.94": null
      },
      "time_to_target_tta": {
        "0.93": 6.691393867969514,
        "0.935": 6.691393867969514,
        "0.94": null
      },
      "final": {
        "val_acc": 0.9301999807357788,
        "tta_val_acc": 0.9386000037193298,
        "total_time_seconds": 6.691393867969514
      },
      "config": {
        "LOG_TTA_EVERY_EPOCH": false,
        "TTT_THRESHOLDS_VAL": [
          0.93,
          0.935,
          0.94
        ],
        "TTT_THRESHOLDS_TTA": [
          0.93,
          0.935,
          0.94
        ]
      }
    },
    {
      "run": null,
      "time_to_target_val": {
        "0.93": 6.450651317834855,
        "0.935": null,
        "0.94": null
      },
      "time_to_target_tta": {
        "0.93": 6.690265362024308,
        "0.935": 6.690265362024308,
        "0.94": 6.690265362024308
      },
      "final": {
        "val_acc": 0.932699978351593,
        "tta_val_acc": 0.9425999522209167,
        "total_time_seconds": 6.690265362024308
      },
      "config": {
        "LOG_TTA_EVERY_EPOCH": false,
        "TTT_THRESHOLDS_VAL": [
          0.93,
          0.935,
          0.94
        ],
        "TTT_THRESHOLDS_TTA": [
          0.93,
          0.935,
          0.94
        ]
      }
    },
    {
      "run": null,
      "time_to_target_val": {
        "0.93": 6.445829325675965,
        "0.935": null,
        "0.94": null
      },
      "time_to_target_tta": {
        "0.93": 6.685196116447449,
        "0.935": 6.685196116447449,
        "0.94": 6.685196116447449
      },
      "final": {
        "val_acc": 0.9309999942779541,
        "tta_val_acc": 0.9411999583244324,
        "total_time_seconds": 6.685196116447449
      },
      "config": {
        "LOG_TTA_EVERY_EPOCH": false,
        "TTT_THRESHOLDS_VAL": [
          0.93,
          0.935,
          0.94
        ],
        "TTT_THRESHOLDS_TTA": [
          0.93,
          0.935,
          0.94
        ]
      }
    },
    {
      "run": null,
      "time_to_target_val": {
        "0.93": 6.4488719213008885,
        "0.935": null,
        "0.94": null
      },
      "time_to_target_tta": {
        "0.93": 6.688278766393662,
        "0.935": 6.688278766393662,
        "0.94": 6.688278766393662
      },
      "final": {
        "val_acc": 0.932699978351593,
        "tta_val_acc": 0.9404999613761902,
        "total_time_seconds": 6.688278766393662
      },
      "config": {
        "LOG_TTA_EVERY_EPOCH": false,
        "TTT_THRESHOLDS_VAL": [
          0.93,
          0.935,
          0.94
        ],
        "TTT_THRESHOLDS_TTA": [
          0.93,
          0.935,
          0.94
        ]
      }
    },
    {
      "run": null,
      "time_to_target_val": {
        "0.93": 6.518288597822189,
        "0.935": null,
        "0.94": null
      },
      "time_to_target_tta": {
        "0.93": 6.758110802412033,
        "0.935": 6.758110802412033,
        "0.94": null
      },
      "final": {
        "val_acc": 0.9347999691963196,
        "tta_val_acc": 0.939799964427948,
        "total_time_seconds": 6.758110802412033
      },
      "config": {
        "LOG_TTA_EVERY_EPOCH": false,
        "TTT_THRESHOLDS_VAL": [
          0.93,
          0.935,
          0.94
        ],
        "TTT_THRESHOLDS_TTA": [
          0.93,
          0.935,
          0.94
        ]
      }
    },
    {
      "run": null,
      "time_to_target_val": {
        "0.93": 6.452046208143236,
        "0.935": null,
        "0.94": null
      },
      "time_to_target_tta": {
        "0.93": 6.69227107691765,
        "0.935": 6.69227107691765,
        "0.94": 6.69227107691765
      },
      "final": {
        "val_acc": 0.9323999881744385,
        "tta_val_acc": 0.941100001335144,
        "total_time_seconds": 6.69227107691765
      },
      "config": {
        "LOG_TTA_EVERY_EPOCH": false,
        "TTT_THRESHOLDS_VAL": [
          0.93,
          0.935,
          0.94
        ],
        "TTT_THRESHOLDS_TTA": [
          0.93,
          0.935,
          0.94
        ]
      }
    },
    {
      "run": null,
      "time_to_target_val": {
        "0.93": 6.5216448619365694,
        "0.935": null,
        "0.94": null
      },
      "time_to_target_tta": {
        "0.93": 6.761306040525437,
        "0.935": 6.761306040525437,
        "0.94": 6.761306040525437
      },
      "final": {
        "val_acc": 0.9327999949455261,
        "tta_val_acc": 0.9406999945640564,
        "total_time_seconds": 6.761306040525437
      },
      "config": {
        "LOG_TTA_EVERY_EPOCH": false,
        "TTT_THRESHOLDS_VAL": [
          0.93,
          0.935,
          0.94
        ],
        "TTT_THRESHOLDS_TTA": [
          0.93,
          0.935,
          0.94
        ]
      }
    },
    {
      "run": null,
      "time_to_target_val": {
        "0.93": 6.450054060459137,
        "0.935": null,
        "0.94": null
      },
      "time_to_target_tta": {
        "0.93": 6.68944090127945,
        "0.935": 6.68944090127945,
        "0.94": 6.68944090127945
      },
      "final": {
        "val_acc": 0.9335999488830566,
        "tta_val_acc": 0.9417999982833862,
        "total_time_seconds": 6.68944090127945
      },
      "config": {
        "LOG_TTA_EVERY_EPOCH": false,
        "TTT_THRESHOLDS_VAL": [
          0.93,
          0.935,
          0.94
        ],
        "TTT_THRESHOLDS_TTA": [
          0.93,
          0.935,
          0.94
        ]
      }
    },
    {
      "run": null,
      "time_to_target_val": {
        "0.93": 6.449809387683868,
        "0.935": null,
        "0.94": null
      },
      "time_to_target_tta": {
        "0.93": 6.689058929920196,
        "0.935": 6.689058929920196,
        "0.94": 6.689058929920196
      },
      "final": {
        "val_acc": 0.9309999942779541,
        "tta_val_acc": 0.9401999711990356,
        "total_time_seconds": 6.689058929920196
      },
      "config": {
        "LOG_TTA_EVERY_EPOCH": false,
        "TTT_THRESHOLDS_VAL": [
          0.93,
          0.935,
          0.94
        ],
        "TTT_THRESHOLDS_TTA": [
          0.93,
          0.935,
          0.94
        ]
      }
    },
    {
      "run": null,
      "time_to_target_val": {
        "0.93": 6.45080373120308,
        "0.935": null,
        "0.94": null
      },
      "time_to_target_tta": {
        "0.93": 6.690187642335893,
        "0.935": 6.690187642335893,
        "0.94": 6.690187642335893
      },
      "final": {
        "val_acc": 0.934499979019165,