{
  "metrics": [
    {
      "run": null,
      "time_to_target_val": {
        "0.93": 12.519210906982423,
        "0.935": null,
        "0.94": null
      },
      "time_to_target_tta": {
        "0.93": 12.66975733947754,
        "0.935": 12.66975733947754,
        "0.94": null
      },
      "final": {
        "val_acc": 0.9329999685287476,
        "tta_val_acc": 0.9380999803543091,
        "total_time_seconds": 12.66975733947754
      },
      "config": {
        "LOG_TTA_EVERY_EPOCH": false,
        "TTT_THRESHOLDS_VAL": [
          0.93,
          0.935,
          0.94
        ],
        "TTT_THRESHOLDS_TTA": [
          0.93,
          0.935,
          0.94
        ]
      }
    }
  ]
}