{
  "metrics": [
    {
      "run": null,
      "time_to_target_val": {
        "0.93": 12.223549896240232,
        "0.935": null,
        "0.94": null
      },
      "time_to_target_tta": {
        "0.93": 12.373819595336911,
        "0.935": 12.373819595336911,
        "0.94": null
      },
      "final": {
        "val_acc": 0.9328999519348145,
        "tta_val_acc": 0.9391999840736389,
        "total_time_seconds": 12.373819595336911
      },
      "config": {
        "LOG_TTA_EVERY_EPOCH": false,
        "TTT_THRESHOLDS_VAL": [
          0.93,
          0.935,
          0.94
        ],
        "TTT_THRESHOLDS_TTA": [
          0.93,
          0.935,
          0.94
        ]
      }
    },
    {
      "run": null,
      "time_to_target_val": {
        "0.93": 3.647733826160431,
        "0.935": null,
        "0.94": null
      },
      "time_to_target_tta": {
        "0.93": 3.797817413806915,
        "0.935": 3.797817413806915,
        "0.94": null
      },
      "final": {
        "val_acc": 0.9317999482154846,
        "tta_val_acc": 0.939799964427948,
        "total_time_seconds": 3.797817413806915
      },
      "config": {
        "LOG_TTA_EVERY_EPOCH": false,
        "TTT_THRESHOLDS_VAL": [
          0.93,
          0.935,
          0.94
        ],
        "TTT_THRESHOLDS_TTA": [
          0.93,
          0.935,
          0.94
        ]
      }
    },
    {
      "run": null,
      "time_to_target_val": {
        "0.93": 3.6503170537948613,
        "0.935": null,
        "0.94": null
      },
      "time_to_target_tta": {
        "0.93": 3.8012904577255253,
        "0.935": 3.8012904577255253,
        "0.94": null
      },
      "final": {
        "val_acc": 0.9309999942779541,
        "tta_val_acc": 0.9383999705314636,
        "total_time_seconds": 3.8012904577255253
      },
      "config": {
        "LOG_TTA_EVERY_EPOCH": false,
        "TTT_THRESHOLDS_VAL": [
          0.93,
          0.935,
          0.94
        ],
        "TTT_THRESHOLDS_TTA": [
          0.93,
          0.935,
          0.94
        ]
      }
    },
    {
      "run": null,
      "time_to_target_val": {
        "0.93": 3.5722305274009702,
        "0.935": null,
        "0.94": null
      },
      "time_to_target_tta": {
        "0.93": 3.722873090267181,
        "0.935": 3.722873090267181,
        "0.94": 3.722873090267181
      },
      "final": {
        "val_acc": 0.9325000047683716,
        "tta_val_acc": 0.9402999877929688,
        "total_time_seconds": 3.722873090267181
      },
      "config": {
        "LOG_TTA_EVERY_EPOCH": false,
        "TTT_THRESHOLDS_VAL": [
          0.93,
          0.935,
          0.94
        ],
        "TTT_THRESHOLDS_TTA": [
          0.93,
          0.935,
          0.94
        ]
      }
    },
    {
      "run": null,
      "time_to_target_val": {
        "0.93": 3.5740087347030642,
        "0.935": null,
        "0.94": null
      },
      "time_to_target_tta": {
        "0.93": 3.7251615972518923,
        "0.935": 3.7251615972518923,
        "0.94": 3.7251615972518923
      },
      "final": {
        "val_acc": 0.9315999746322632,
        "tta_val_acc": 0.9404999613761902,
        "total_time_seconds": 3.7251615972518923
      },
      "config": {
        "LOG_TTA_EVERY_EPOCH": false,
        "TTT_THRESHOLDS_VAL": [
          0.93,
          0.935,
          0.94
        ],
        "TTT_THRESHOLDS_TTA": [
          0.93,
          0.935,
          0.94
        ]
      }
    },
    {
      "run": null,
      "time_to_target_val": {
        "0.93": 3.574251132011414,
        "0.935": null,
        "0.94": null
      },
      "time_to_target_tta": {
        "0.93": 3.724400317192078,
        "0.935": 3.724400317192078,
        "0.94": 3.724400317192078
      },
      "final": {
        "val_acc": 0.9311999678611755,
        "tta_val_acc": 0.94159996509552,
        "total_time_seconds": 3.724400317192078
      },
      "config": {
        "LOG_TTA_EVERY_EPOCH": false,
        "TTT_THRESHOLDS_VAL": [
          0.93,
          0.935,
          0.94
        ],
        "TTT_THRESHOLDS_TTA": [
          0.93,
          0.935,
          0.94
        ]
      }
    },
    {
      "run": null,
      "time_to_target_val": {
        "0.93": 3.573459819078445,
        "0.935": null,
        "0.94": null
      },
      "time_to_target_tta": {
        "0.93": 3.7239282333850854,
        "0.935": 3.7239282333850854,
        "0.94": 3.7239282333850854
      },
      "final": {
        "val_acc": 0.9325999617576599,
        "tta_val_acc": 0.9416999816894531,
        "total_time_seconds": 3.7239282333850854
      },
      "config": {
        "LOG_TTA_EVERY_EPOCH": false,
        "TTT_THRESHOLDS_VAL": [
          0.93,
          0.935,
          0.94
        ],
        "TTT_THRESHOLDS_TTA": [
          0.93,
          0.935,
          0.94
        ]
      }
    },
    {
      "run": null,
      "time_to_target_val": {
        "0.93": 3.5714866340160363,
        "0.935": null,
        "0.94": null
      },
      "time_to_target_tta": {
        "0.93": 3.7222871711254113,
        "0.935": 3.7222871711254113,
        "0.94": 3.7222871711254113
      },
      "final": {
        "val_acc": 0.9319999814033508,
        "tta_val_acc": 0.9409999847412109,
        "total_time_seconds": 3.7222871711254113
      },
      "config": {
        "LOG_TTA_EVERY_EPOCH": false,
        "TTT_THRESHOLDS_VAL": [
          0.93,
          0.935,
          0.94
        ],
        "TTT_THRESHOLDS_TTA": [
          0.93,
          0.935,
          0.94
        ]
      }
    },
    {
      "run": null,
      "time_to_target_val": {
        "0.93": 3.571507315635681,
        "0.935": null,
        "0.94": null
      },
      "time_to_target_tta": {
        "0.93": 3.722343665122986,
        "0.935": 3.722343665122986,
        "0.94": null
      },
      "final": {
        "val_acc": 0.9327999949455261,
        "tta_val_acc": 0.9395999908447266,
        "total_time_seconds": 3.722343665122986
      },
      "config": {
        "LOG_TTA_EVERY_EPOCH": false,
        "TTT_THRESHOLDS_VAL": [
          0.93,
          0.935,
          0.94
        ],
        "TTT_THRESHOLDS_TTA": [
          0.93,
          0.935,
          0.94
        ]
      }
    },
    {
      "run": null,
      "time_to_target_val": {
        "0.93": 3.6492170021533967,
        "0.935": null,
        "0.94": null
      },
      "time_to_target_tta": {
        "0.93": 3.800391394853592,
        "0.935": 3.800391394853592,
        "0.94": 3.800391394853592
      },
      "final": {
        "val_acc": 0.9340999722480774,
        "tta_val_acc": 0.9418999552726746,
        "total_time_seconds": 3.800391394853592
      },
      "config": {
        "LOG_TTA_EVERY_EPOCH": false,
        "TTT_THRESHOLDS_VAL": [
          0.93,
          0.935,
          0.94
        ],
        "TTT_THRESHOLDS_TTA": [
          0.93,
          0.935,
          0.94
        ]
      }
    },
    {
      "run": null,
      "time_to_target_val": {
        "0.93": 3.6190413491725923,
        "0.935": null,
        "0.94": null
      },
      "time_to_target_tta": {
        "0.93": 3.770263654470444,
        "0.935": 3.770263654470444,
        "0.94": 3.770263654470444
      },
      "final": {
        "val_acc": 0.9340999722480774,
        "tta_val_acc": 0.9404999613761902,
        "total_time_seconds": 3.770263654470444
      },
      "config": {
        "LOG_TTA_EVERY_EPOCH": false,
        "TTT_THRESHOLDS_VAL": [
          0.93,
          0.935,
          0.94
        ],
        "TTT_THRESHOLDS_TTA": [
          0.93,
          0.935,
          0.94
        ]
      }
    },
    {
      "run": null,
      "time_to_target_val": {
        "0.93": 3.5689235618114474,
        "0.935": null,
        "0.94": null
      },
      "time_to_target_tta": {
        "0.93": 3.7204229514598848,
        "0.935": 3.7204229514598848,
        "0.94": null
      },
      "final": {
        "val_acc": 0.9307000041007996,